,track_id,artists,album_name,track_name,popularity,duration_ms,explicit,danceability,energy,key,loudness,mode,speechiness,acousticness,instrumentalness,liveness,valence,tempo,time_signature,track_genre
0,5SuOikwiRyPMVoIQDJUgSV,Gen Hoshino,Comedy,Comedy,73,230666,False,0.676,0.461,1,-6.746,0,0.143,0.0322,1.01e-06,0.358,0.715,87.917,4,acoustic
1,4qPNDBW1i3p13qLCt0Ki3A,Ben Woodward,Ghost (Acoustic),Ghost - Acoustic,55,149610,False,0.42,0.166,1,-17.235,1,0.0763,0.924,5.56e-06,0.101,0.267,77.489,4,acoustic
2,1iJBSr7s7jYXzM8EGcbK5b,Ingrid Michaelson;ZAYN,To Begin Again,To Begin Again,57,210826,False,0.438,0.359,0,-9.734,1,0.0557,0.21,0.0,0.117,0.12,76.332,4,acoustic
3,6lfxq3CG4xtTiEg7opyCyx,Kina Grannis,Crazy Rich Asians (Original Motion Picture Soundtrack),Can't Help Falling In Love,71,201933,False,0.266,0.0596,0,-18.515,1,0.0363,0.905,7.07e-05,0.132,0.143,181.74,3,acoustic
4,5vjLSffimiIP26QG5WcN2K,Chord Overstreet,Hold On,Hold On,82,198853,False,0.618,0.443,2,-9.681,1,0.0526,0.469,0.0,0.0829,0.167,119.949,4,acoustic
5,01MVOl9KtVTNfFiBU9I7dc,Tyrone Wells,Days I Will Remember,Days I Will Remember,58,214240,False,0.688,0.481,6,-8.807,1,0.105,0.289,0.0,0.189,0.666,98.017,4,acoustic
6,6Vc5wAMmXdKIAM7WUoEb7N,A Great Big World;Christina Aguilera,Is There Anybody Out There?,Say Something,74,229400,False,0.407,0.147,2,-8.822,1,0.0355,0.857,2.89e-06,0.0913,0.0765,141.284,3,acoustic
7,1EzrEOXmMH3G43AXT1y7pA,Jason Mraz,We Sing. We Dance. We Steal Things.,I'm Yours,80,242946,False,0.703,0.444,11,-9.331,1,0.0417,0.559,0.0,0.0973,0.712,150.96,4,acoustic
8,0IktbUcnAGrvD03AWnz3Q8,Jason Mraz;Colbie Caillat,We Sing. We Dance. We Steal Things.,Lucky,74,189613,False,0.625,0.414,0,-8.7,1,0.0369,0.294,0.0,0.151,0.669,130.088,4,acoustic
9,7k9GuJYLp2AzqokyEdwEw2,Ross Copperman,Hunger,Hunger,56,205594,False,0.442,0.632,1,-6.77,1,0.0295,0.426,0.00419,0.0735,0.196,78.899,4,acoustic
10,4mzP5mHkRvGxdhdGdAH7EJ,Zack Tabudlo,Episode,Give Me Your Forever,74,244800,False,0.627,0.363,8,-8.127,1,0.0291,0.279,0.0,0.0928,0.301,99.905,4,acoustic
11,5ivF4eQBqJiVL5IAE9jRyl,Jason Mraz,Love Is a Four Letter Word,I Won't Give Up,69,240165,False,0.483,0.303,4,-10.058,1,0.0429,0.694,0.0,0.115,0.139,133.406,3,acoustic
12,4ptDJbJl35d7gQfeNteBwp,Dan Berk,Solo,Solo,52,198712,False,0.489,0.314,7,-9.245,0,0.0331,0.749,0.0,0.113,0.607,124.234,4,acoustic
13,0X9MxHR1rTkEHDjp95F2OO,Anna Hamilton,Bad Liar,Bad Liar,62,248448,False,0.691,0.234,3,-6.441,1,0.0285,0.777,0.0,0.12,0.209,87.103,4,acoustic
14,4LbWtBkN82ZRhz9jqzgrb3,Chord Overstreet;Deepend,Hold On (Remix),Hold On - Remix,56,188133,False,0.755,0.78,2,-6.084,1,0.0327,0.124,2.83e-05,0.121,0.387,120.004,4,acoustic
15,1KHdq8NK9QxnGjdXb55NiG,Landon Pigg,The Boy Who Never,Falling in Love at a Coffee Shop,58,244986,False,0.489,0.561,4,-7.933,1,0.0274,0.2,4.56e-05,0.179,0.238,83.457,3,acoustic
16,6xKeQgzfjixSUld14qUezm,Andrew Foy;Renee Foy,ily (i love you baby),ily (i love you baby),56,129750,False,0.706,0.112,2,-18.098,1,0.0391,0.827,4.03e-06,0.125,0.414,110.154,4,acoustic
17,4Yo0igmcoNyat1secaH0OD,Andrew Foy;Renee Foy,At My Worst,At My Worst,54,169728,False,0.795,0.0841,10,-18.09,0,0.0461,0.742,1.17e-05,0.0853,0.609,91.803,4,acoustic
18,2qLMf6TuEC3ruGJg4SMMN6,Jason Mraz;Colbie Caillat,We Sing. We Dance. We Steal Things.,Lucky,68,189613,False,0.625,0.414,0,-8.7,1,0.0369,0.294,0.0,0.151,0.669,130.088,4,acoustic
19,6CgNoAbFJ4Q4Id4EjtbXlC,Boyce Avenue;Bea Miller,"Cover Sessions, Vol. 4",Photograph,67,260186,False,0.717,0.32,3,-8.393,1,0.0283,0.83,0.0,0.107,0.322,107.946,4,acoustic
20,3S0OXQeoh0w6AY8WQVckRW,Jason Mraz,We Sing. We Dance. We Steal Things.,I'm Yours,75,242946,False,0.703,0.444,11,-9.331,1,0.0417,0.559,0.0,0.0973,0.712,150.96,4,acoustic
21,210JCw2LbYD4YIs8GiZ9iP,Boyce Avenue;Jennel Garcia,"Cover Sessions, Vol. 3",Demons,63,174174,False,0.678,0.351,0,-8.654,1,0.0266,0.747,0.0,0.355,0.569,90.032,4,acoustic
22,5TvE3pk05pyFIGdSY9j4DJ,A Great Big World;Christina Aguilera,Is There Anybody Out There? - Track by Track Commentary,Say Something,70,229400,False,0.407,0.147,2,-8.822,1,0.0355,0.857,2.89e-06,0.0913,0.0765,141.284,3,acoustic
23,0BUuuEvNa5T4lMaewyiudB,Jason Mraz,Coffee Moment,93 Million Miles,0,216386,False,0.572,0.454,3,-10.286,1,0.0258,0.477,1.37e-05,0.0974,0.515,140.182,4,acoustic
24,3Hn3LfhrQOaKihdCibJsTs,Jason Mraz,Human - Best Adult Pop Tunes,Unlonely,0,231266,False,0.796,0.667,5,-4.831,0,0.0392,0.381,0.0,0.221,0.754,97.988,4,acoustic
25,6D33wCKzWtNEgOovgeVJ7r,Jason Mraz,Mellow Adult Pop,Bella Luna,1,302346,False,0.755,0.454,9,-9.609,0,0.0352,0.757,0.0,0.236,0.33,120.06,4,acoustic
26,5IfCZDRXZrqZSm8AwE44PG,Jason Mraz,Holly Jolly Christmas,Winter Wonderland,0,131760,False,0.62,0.309,5,-9.209,1,0.0495,0.788,0.0,0.146,0.664,145.363,4,acoustic
27,0dzKBptH2P5j5a0MifBMwM,Jason Mraz,Feeling Good - Adult Pop Favorites,If It Kills Me,0,273653,False,0.633,0.429,4,-6.784,0,0.0381,0.0444,0.0,0.132,0.52,143.793,4,acoustic
28,5QAMZTM5cmLg3fHX9ZbTZi,Jason Mraz,Christmas Time,Winter Wonderland,0,131760,False,0.62,0.309,5,-9.209,1,0.0495,0.788,0.0,0.146,0.664,145.363,4,acoustic
29,2qESE1ZeWly7I3YjyTXmXh,Jason Mraz,Perfect Christmas Hits,Winter Wonderland,0,131760,False,0.62,0.309,5,-9.209,1,0.0495,0.788,0.0,0.146,0.664,145.363,4,acoustic
30,3EQV1ZHtHvq9OnVRYIdbg3,Jason Mraz,Merry Christmas,Winter Wonderland,0,131760,False,0.62,0.309,5,-9.209,1,0.0495,0.788,0.0,0.146,0.664,145.363,4,acoustic
31,3ax0rfGb7exLtl02LL08U9,Jason Mraz,Christmas Music - Holiday Hits,Winter Wonderland,0,131760,False,0.62,0.309,5,-9.209,1,0.0495,0.788,0.0,0.146,0.664,145.363,4,acoustic
32,1m5LC29RE52Bxy7hxvpOlL,Chord Overstreet,Christmas Country Songs 2022,All I Want For Christmas Is A Real Good Tan,0,234186,False,0.593,0.455,6,-8.192,1,0.0388,0.366,0.0,0.0914,0.564,202.019,4,acoustic
33,3H36x7buZdQD4687VmFrwY,Brandi Carlile;Sam Smith,Human - Best Adult Pop Tunes,Party of One,0,259558,False,0.296,0.206,0,-11.799,1,0.0412,0.782,0.000225,0.0959,0.202,165.4,4,acoustic
34,0xbMRcMFqxJq1Wa7tvWPtn,Brandi Carlile;Sam Smith,Feeling Good - Adult Pop Favorites,Party of One,0,259558,False,0.296,0.206,0,-11.799,1,0.0412,0.782,0.000225,0.0959,0.202,165.4,4,acoustic
35,6h061f44HZPj1OXO2nA45d,Brandi Carlile;Sam Smith,Mellow Bars R'n'B,Party of One,0,259558,False,0.296,0.206,0,-11.799,1,0.0412,0.782,0.000225,0.0959,0.202,165.4,4,acoustic
36,62EwQLDw0dprDzuLwQ0sH1,KT Tunstall,Chill Christmas Dinner,Lonely This Christmas,0,257493,False,0.409,0.153,6,-10.74,0,0.0306,0.939,2.56e-05,0.108,0.18,85.262,4,acoustic
37,3lvo0I8c2qBJDLZWqExDgC,Brandi Carlile,rainy day indie,Throwing Good After Bad,0,247791,False,0.501,0.0952,2,-12.931,1,0.054,0.963,1.58e-05,0.0915,0.316,138.016,4,acoustic
38,1ae8XfBQ3fDEvmBjFaemGV,Brandi Carlile,Coffee Moment,This Time Tomorrow,0,206267,False,0.606,0.326,10,-10.031,1,0.0294,0.841,0.0,0.139,0.414,91.626,4,acoustic
39,0adVktNVJXPZfhQe6B1NO5,KT Tunstall,sadsadchristmas,Lonely This Christmas,0,257493,False,0.409,0.153,6,-10.74,0,0.0306,0.939,2.56e-05,0.108,0.18,85.262,4,acoustic
40,6sp6Vx3sv2l5qxPfbQkcyt,Eddie Vedder,Mega Hits Autumn/Fall 2022,The Haves,0,306794,False,0.474,0.519,7,-5.291,1,0.0253,0.281,0.0,0.107,0.326,151.832,4,acoustic
41,1WFVfVjCtbmdIv7j3Fa9iy,Brandi Carlile,Mellow Adult Pop,When You're Wrong,0,266960,False,0.568,0.301,10,-10.163,0,0.0373,0.796,3.37e-06,0.118,0.142,88.029,4,acoustic
42,0e5PAxSyZ5DWWVqKANHETz,Brandi Carlile;Lucius,Country Car Hits,You and Me on the Rock,0,230098,False,0.568,0.686,1,-6.635,1,0.033,0.15,1.81e-06,0.0881,0.725,172.075,4,acoustic
43,1MLr9b1fOybO3MGiLy47Ys,Brandi Carlile;Lucius,Country Road Songs,You and Me on the Rock,0,230098,False,0.568,0.686,1,-6.635,1,0.033,0.15,1.81e-06,0.0881,0.725,172.075,4,acoustic
44,6JGjevTaqr9J1xp7YvYUKF,Brandi Carlile,Finest Country,"Speak Your Mind (From the Netflix Series ""We The People"")",0,193943,False,0.476,0.666,6,-3.438,1,0.0446,0.314,0.0,0.342,0.498,148.155,4,acoustic
45,7Af2YlwMZryKOQiRfwMsD2,Brandi Carlile;Lucius,Easy Country,You and Me on the Rock,0,230098,False,0.568,0.686,1,-6.635,1,0.033,0.15,1.81e-06,0.0881,0.725,172.075,4,acoustic
46,3RE5nHIVkC4KcA7snFaTKd,Brandi Carlile;Lucius,Cozy Country,You and Me on the Rock,0,230098,False,0.568,0.686,1,-6.635,1,0.033,0.15,1.81e-06,0.0881,0.725,172.075,4,acoustic
47,0JvkNRyq8Tmot9khpdtN0I,Brandi Carlile;Lucius,Good Times Country,You and Me on the Rock,0,230098,False,0.568,0.686,1,-6.635,1,0.033,0.15,1.81e-06,0.0881,0.725,172.075,4,acoustic
48,27gHtbsHClwimHFtKgFop4,Brandi Carlile;Lucius,Laidback Country,You and Me on the Rock,0,230098,False,0.568,0.686,1,-6.635,1,0.033,0.15,1.81e-06,0.0881,0.725,172.075,4,acoustic
49,1QBNBGeIRRGBnLhdlHbfI8,Brandi Carlile;Lucius,Chillin' It - Mellow Day Country,You and Me on the Rock,0,230098,False,0.568,0.686,1,-6.635,1,0.033,0.15,1.81e-06,0.0881,0.725,172.075,4,acoustic
50,72xTsTouZ5nBmASX8k1XCW,Highland Peak,Trampoline (Acoustic),Trampoline - Acoustic,46,213098,False,0.596,0.2,0,-10.424,0,0.0305,0.91,0.000183,0.0884,0.308,107.893,4,acoustic
51,3ILmwMefYZoQh5Cf5jeuUQ,Motohiro Hata,Documentary,透明だった世界,61,232360,False,0.373,0.914,0,-4.185,1,0.0565,0.076,0.0,0.669,0.56,168.21,4,acoustic
52,2DHDuADAHoUW6n0z80RLQF,Andrew Belle,Black Bear,Pieces,60,241119,False,0.494,0.652,6,-5.863,0,0.0314,0.0754,0.00256,0.125,0.298,137.018,4,acoustic
53,5JDcQAztvZTIkrWoZihgvC,Ron Pope,The Bedroom Demos,A Drop in the Ocean,68,220239,False,0.447,0.393,5,-8.65,1,0.038,0.785,0.0,0.28,0.564,73.139,3,acoustic
54,2sYFi9xVSZ56WHKSY2fN1K,Adam Christopher,So Far Away (Acoustic),So Far Away - Acoustic,52,171543,False,0.576,0.331,6,-9.389,0,0.0306,0.894,3.44e-05,0.129,0.407,149.02,4,acoustic
55,6xJOhSm4SvZwzy3uhWz26O,Andrew Belle,Black Bear,The Enemy,62,286865,False,0.536,0.89,1,-5.222,1,0.0375,0.078,0.0202,0.131,0.273,121.974,4,acoustic
56,7lLKxcNeJtDTWVRKHovLEC,Aron Wright,Build It Better,Build It Better,51,234473,False,0.526,0.333,4,-13.02,1,0.0314,0.91,0.168,0.111,0.159,94.951,4,acoustic
57,25UzeaV47eDT44Fovve6xQ,Chord Overstreet,Sleepwalking in the Rain,Sleepwalking in the Rain,0,216000,False,0.501,0.381,0,-9.448,1,0.036,0.687,0.00133,0.119,0.502,80.075,4,acoustic
58,4oa14QBfWRDfJy2agySy0L,Sara Bareilles,Little Voice,Gravity,67,232760,False,0.27,0.275,0,-10.357,1,0.0356,0.834,0.0,0.146,0.231,168.964,4,acoustic
59,2gRKq9rIC5i1zuxp06zJWH,Chord Overstreet,What's Left of You,What's Left of You,57,178600,True,0.731,0.507,0,-6.477,1,0.046,0.572,0.0,0.0912,0.265,117.969,4,acoustic
60,08MFgEQeVLF37EyZ7jcwLc,Zack Tabudlo,Pano,Pano,75,254400,False,0.375,0.457,3,-7.018,1,0.0315,0.868,0.0145,0.191,0.415,174.839,3,acoustic
61,6nXIYClvJAfi6ujLiKqEq8,Andrew Belle,The Daylight EP,Sky's Still Blue,62,244320,False,0.43,0.791,6,-5.419,0,0.0302,0.0726,0.0193,0.11,0.217,171.864,4,acoustic
62,7x4b0UccXSKBWxWmjcrG2T,Kurt Cobain,Montage Of Heck: The Home Recordings,And I Love Her,66,124933,False,0.616,0.282,1,-15.317,1,0.0331,0.983,0.833,0.13,0.435,96.638,4,acoustic
63,6owKuyHxUqidcAA6fPKSyy,Boyce Avenue;Bea Miller,"Cover Sessions, Vol. 3",We Can't Stop,64,222146,False,0.705,0.347,2,-8.249,1,0.0301,0.674,0.0,0.12,0.36,80.057,4,acoustic
64,0wbmIfvndFV9VDvuUY1pYN,Tim Halperin,Covers,Always Be My Baby,62,181852,False,0.582,0.255,4,-10.254,1,0.0306,0.772,0.0,0.0889,0.285,139.884,4,acoustic
65,3e5yu9MkIvQx17mm7LF6KY,Canyon City,Midnight Waves,Alone with You,58,186584,False,0.549,0.274,1,-12.565,1,0.0379,0.798,6.63e-06,0.103,0.207,86.664,4,acoustic
66,6VwAh8Z1d5YKoSWoEaV4db,Aaron Espe,Making All Things New,Making All Things New,65,159600,False,0.787,0.355,0,-11.429,1,0.0288,0.896,0.0201,0.111,0.48,99.978,4,acoustic
67,2D4BSm5Z8Hq5zYbSgJwEOh,Sara Bareilles,What's Inside: Songs from Waitress,She Used To Be Mine,67,250266,False,0.397,0.303,5,-7.508,1,0.0435,0.381,0.0,0.101,0.172,81.05,4,acoustic
68,7LwGBxB0h0CVmkOZxYKn0g,Andrew Belle,In My Veins (Feat. Erin Mccarley),In My Veins - Feat. Erin Mccarley,65,318908,False,0.548,0.42,0,-7.842,1,0.0277,0.198,4.46e-06,0.0899,0.196,128.012,4,acoustic
69,0ZwdH0m32I8odedwvspYTh,Tyler Ward,Under Covers,I Don't Wanna Live Forever (Fifty Shades Darker),44,222351,False,0.787,0.403,0,-11.989,1,0.033,0.603,0.00857,0.131,0.264,118.042,4,acoustic
70,16dkWKIlBsfYTISCVuDs0w,Ron Pope,Whatever It Takes,A Drop In the Ocean,55,219480,False,0.484,0.573,5,-6.183,1,0.0298,0.0882,1.14e-06,0.15,0.346,139.966,3,acoustic
71,3TwtrR1yNLY1PMPsrGQpOp,Five For Fighting,America Town,Superman (It's Not Easy),70,221693,False,0.382,0.416,0,-9.303,1,0.0302,0.0733,0.0,0.0719,0.125,102.089,4,acoustic
72,3Et4LKZLnXygPYfNdeB3D3,Andrew Belle,Dive Deep,When the End Comes,57,354400,False,0.541,0.575,9,-9.463,1,0.0491,0.677,0.215,0.102,0.428,91.98,4,acoustic
73,2E9viCx0hJKNKNThd2MdGQ,Bailey Jehl,You're Still The One,You're Still The One,56,177500,False,0.607,0.473,2,-8.555,1,0.034,0.712,0.0,0.66,0.54,119.698,4,acoustic
74,0Zf1BPkkFAWGtVHeBwHHz4,Ingrid Michaelson,It Doesn't Have To Make Sense,Light Me Up,56,247840,False,0.417,0.595,6,-7.84,1,0.0396,0.158,0.000269,0.101,0.117,147.928,4,acoustic
75,38jy6kRlPt8z1GUS9WXeNh,Jason Mraz,Love Is a Four Letter Word,93 Million Miles,67,216386,False,0.572,0.454,3,-10.286,1,0.0258,0.477,1.37e-05,0.0974,0.515,140.182,4,acoustic
76,2SkJKMfjpYsNv0KWOxiegX,A Great Big World,When the Morning Comes,Kaleidoscope,62,229320,False,0.709,0.913,7,-5.148,1,0.0748,0.0182,0.0,0.167,0.519,108.024,4,acoustic
77,4qCbMMMuEB56kHd4zPE6GD,Eddie Vedder;Nusrat Fateh Ali Khan,"Eat, Pray, Love",The Long Road,45,330933,False,0.537,0.342,2,-13.553,1,0.0273,0.645,0.266,0.0687,0.253,109.236,4,acoustic
78,11TK5KLtLZUdKr1C549bAw,Drew Holcomb & The Neighbors,Good Light,What Would I Do Without You,64,172213,False,0.602,0.336,8,-11.106,1,0.0369,0.883,0.0017,0.143,0.335,90.894,4,acoustic
79,7BXW1QCg56yzEBV8pW8pah,Jason Mraz,Know.,Have It All,65,226106,False,0.643,0.638,1,-4.947,0,0.0407,0.204,0.0,0.0707,0.6,82.001,4,acoustic
80,2kMrCPZ0o5gErBPLCRgoli,Gabrielle Aplin,Mellow Adult Pop,Heavy Heart,0,235173,False,0.451,0.7,10,-6.597,0,0.0431,0.455,0.00233,0.405,0.37,150.055,4,acoustic
81,5IjTZ1g8KrIuV97N3OQZ0V,Gabrielle Aplin,Break Up Songs,The House We Never Built,0,195213,False,0.546,0.391,2,-10.786,0,0.063,0.784,2.72e-06,0.0552,0.202,139.669,4,acoustic
82,3bHhUEOTIbezeZ856R0BX5,Eddie Vedder,Into The Wild (Music For The Motion Picture),Society,68,236306,False,0.561,0.327,11,-10.835,0,0.0327,0.902,0.000469,0.111,0.298,161.858,4,acoustic
83,0wf17wsLRwnnfh241GkeH5,Gabrielle Aplin,u don't deserve me,Please Don't Say You Love Me,0,181400,False,0.479,0.541,0,-9.862,1,0.0543,0.74,0.0,0.108,0.3,85.994,4,acoustic
84,3322ArxAq7wCSZI4fF77Q0,Gabrielle Aplin,Coffee Moment,Please Don't Say You Love Me,0,181400,False,0.479,0.541,0,-9.862,1,0.0543,0.74,0.0,0.108,0.3,85.994,4,acoustic
85,4LGF2tDg3878bs0mQPByZ4,Eddie Vedder,Into The Wild (Music For The Motion Picture),Guaranteed,61,164500,False,0.436,0.4,7,-11.485,1,0.0272,0.904,0.00105,0.125,0.351,100.734,4,acoustic
86,6Uy6K3KdmUdAfelUp0SeXn,Sara Bareilles,The Blessed Unrest,Brave,70,220573,False,0.551,0.836,10,-3.838,0,0.0524,0.00502,2.1e-05,0.0425,0.758,185.063,4,acoustic
87,2z2JKNU24UEngb4joR9p8f,KT Tunstall,Slow Christmas Songs 2022,Lonely This Christmas,0,257493,False,0.409,0.153,6,-10.74,0,0.0306,0.939,2.56e-05,0.108,0.18,85.262,4,acoustic
88,2nef44o0sjJDKB1ta4S0ub,KT Tunstall,Lonely Christmas 2022,Lonely This Christmas,0,257493,False,0.409,0.153,6,-10.74,0,0.0306,0.939,2.56e-05,0.108,0.18,85.262,4,acoustic
89,0qJGlogD7AyMLAJfQ42aI2,Five For Fighting,Bookmarks,Heaven Knows,62,210612,False,0.6,0.845,10,-7.076,1,0.0311,0.048,0.0,0.24,0.392,97.631,4,acoustic
90,04JS6OitE9VGsIS3S94Osg,The Civil Wars,Slow Christmas Songs 2022,I Heard The Bells On Christmas Day,0,154440,False,0.492,0.145,2,-14.504,0,0.0422,0.872,9.68e-06,0.107,0.218,90.078,4,acoustic
91,5OGpsZeJRZ3t3MZioawcZW,The Civil Wars,Alternative Christmas 2022,I Heard The Bells On Christmas Day,0,154440,False,0.492,0.145,2,-14.504,0,0.0422,0.872,9.68e-06,0.107,0.218,90.078,4,acoustic
92,3Vnes7v746dYzBn0FJTZ1W,KT Tunstall,Alternative Christmas 2022,Fairytale Of New York,0,263866,False,0.447,0.555,2,-6.018,1,0.0349,0.218,3.46e-06,0.124,0.33,117.888,3,acoustic
93,30cYWLpVdBZVLb1cYdmcTT,The Civil Wars,Acoustic Christmas Campfire,I Heard The Bells On Christmas Day,0,154440,False,0.492,0.145,2,-14.504,0,0.0422,0.872,9.68e-06,0.107,0.218,90.078,4,acoustic
94,7sUqJ51FGSi3n7x4pYjY3v,The Civil Wars,Lonely Christmas 2022,I Heard The Bells On Christmas Day,0,154440,False,0.492,0.145,2,-14.504,0,0.0422,0.872,9.68e-06,0.107,0.218,90.078,4,acoustic
95,15BFn2VmEtonsXfNL1lUmy,The Civil Wars,Chill Christmas Dinner,I Heard The Bells On Christmas Day,0,154440,False,0.492,0.145,2,-14.504,0,0.0422,0.872,9.68e-06,0.107,0.218,90.078,4,acoustic
96,0WOFJR54wyTwLB11jcBDb1,The Civil Wars,sadsadchristmas,I Heard The Bells On Christmas Day,0,154440,False,0.492,0.145,2,-14.504,0,0.0422,0.872,9.68e-06,0.107,0.218,90.078,4,acoustic
97,1uDCw6LVMOmbZ6zRliNcNX,The Civil Wars,Christmas Country Songs 2022,I Heard The Bells On Christmas Day,0,154440,False,0.492,0.145,2,-14.504,0,0.0422,0.872,9.68e-06,0.107,0.218,90.078,4,acoustic
98,7DYsBLdOqz0z14tYWMt2Tn,KT Tunstall,Del gusto de mamá,Hold On,0,177613,False,0.661,0.937,4,-5.157,0,0.0979,0.322,1.04e-06,0.19,0.805,105.549,4,acoustic
99,7cPuE0M35EajWPRO3nRcH8,KT Tunstall,OO's Music Grandi Successi,Suddenly I See,0,199040,False,0.603,0.78,0,-5.531,1,0.0438,0.139,0.0,0.164,0.693,100.499,4,acoustic
100,0U32q8CZRRo7xCzyiaZw5f,Motohiro Hata,言ノ葉,Rain,58,293040,False,0.626,0.655,9,-6.69,1,0.0263,0.503,0.0,0.13,0.542,92.003,4,acoustic
101,4kQXMVjoZ9yMibLZq5Aqi5,Callum J Wright,Somebody Else (Acoustic),Somebody Else - Acoustic,50,138495,False,0.794,0.38,10,-8.769,0,0.0477,0.762,0.0,0.262,0.617,114.99,4,acoustic
102,3us8sod4dLbM9FiMiPiEY8,Andrew Belle,Black Bear (Hushed),Pieces (Hushed),59,198626,False,0.52,0.279,5,-10.739,0,0.0547,0.894,0.000105,0.103,0.0951,69.642,4,acoustic
103,1PR5pyPiOEEQ02oJYq402x,Boyce Avenue;Fifth Harmony,"Cover Sessions, Vol. 3",Mirrors,57,292566,False,0.545,0.658,1,-7.174,1,0.0474,0.496,0.0,0.105,0.683,76.971,4,acoustic
104,068qo0w1Ki0cjnFYOUhAm2,Boyce Avenue,Stand by Me,Stand by Me,60,199019,False,0.728,0.266,8,-7.322,1,0.0293,0.872,1.03e-05,0.114,0.307,115.189,4,acoustic
105,2RFt6ZWQbr9mPhsft9u9eX,Gabrielle Aplin;JP Cooper,Dear Happy,Losing Me,61,181760,False,0.66,0.407,7,-8.381,1,0.0571,0.236,0.0,0.109,0.257,133.86,4,acoustic
106,59pUIlXjQupbiYwt40uUTi,Mone Kamishiraishi,chouchou,なんでもないや - movie ver.,49,349920,False,0.357,0.161,8,-10.667,1,0.0388,0.971,1.4e-05,0.358,0.325,83.449,4,acoustic
107,0VhZ5JYfqPojSYeGWnk4dL,John Adams,You’re Beautiful (Acoustic),You’re Beautiful - Acoustic,55,204973,False,0.479,0.154,2,-11.282,1,0.0352,0.915,0.0,0.0974,0.36,147.207,4,acoustic
108,0ltIx8PLjtWoS9zn9PqsZW,Kitri,Hikare Inochi,Hikare Inochi,51,322146,False,0.592,0.769,2,-5.268,1,0.0311,0.319,4.66e-06,0.137,0.385,102.033,4,acoustic
109,7ACW42whcdOiUxiNVu7ltx,Tyler Ward,Songs From Nashville,How To Lose a Girl,46,210375,False,0.7,0.454,7,-10.39,0,0.0388,0.55,0.0022,0.121,0.34,80.011,3,acoustic
110,4qTHoIp62ngNDpUJwW3hZ7,Boyce Avenue,"Cover Sessions, Vol. 6",Can’t Help Falling in Love,57,131000,False,0.402,0.197,5,-10.775,1,0.0295,0.858,1.05e-06,0.114,0.148,100.044,3,acoustic
111,4VbDTk82rqWqVgoQC93CkC,Andrew Belle,Dive Deep (Hushed),Dive Deep (Hushed),58,218531,False,0.507,0.378,9,-9.019,1,0.0332,0.852,0.000212,0.0937,0.085,135.86,4,acoustic
112,1pG5nd6gmfbMwUfT5shDQe,Ben Woodward,When the Party's over (Acoustic Piano),When the Party's over (Acoustic Piano),51,195945,False,0.619,0.226,4,-13.453,1,0.0641,0.959,4.42e-05,0.106,0.188,124.96,3,acoustic
113,2WZyfujzMweFLnozyUJBkW,Augustana,All The Stars and Boulevards,Boston,63,245933,False,0.404,0.571,0,-5.069,1,0.0303,0.182,2.08e-05,0.129,0.29,147.01,4,acoustic
114,6gijbGNDNNJgT60Aj7UCyc,Matthew Perryman Jones,Living in the Shadows,Living in the Shadows,53,212386,False,0.418,0.79,4,-6.599,0,0.0506,0.0284,9.96e-06,0.117,0.197,175.975,4,acoustic
115,5pq4v03P5PxMcnCagg4S3Z,Boyce Avenue,"Cover Sessions, Vol. 4",In Case You Didn’t Know,60,225165,False,0.633,0.299,11,-7.798,1,0.0353,0.833,0.0,0.109,0.341,147.549,4,acoustic
116,08OjvLnGR3M0HUhcePeMNO,Andrew Foy;Renee Foy,death bed (coffee for your head),death bed (coffee for your head),47,112008,False,0.565,0.0392,1,-28.276,1,0.045,0.835,0.183,0.117,0.601,125.399,4,acoustic
117,65VhbQdqvozUntjnlFkFbZ,Kina Grannis,You Are My Sunshine,You Are My Sunshine,60,123609,False,0.664,0.0755,10,-19.836,1,0.0389,0.91,0.0,0.164,0.575,80.004,1,acoustic
118,05pKAafT85jeeNhZ6kq7HT,Jason Mraz,I Won't Give Up,I Won't Give Up,66,240165,False,0.585,0.303,4,-10.058,1,0.0398,0.694,0.0,0.115,0.142,136.703,3,acoustic
119,3PG6V5yuFfo4APiovOQoRv,Ray LaMontagne;Sierra Ferrell,I Was Born To Love You,I Was Born To Love You,67,265843,False,0.65,0.271,9,-11.081,1,0.0314,0.794,6.9e-05,0.196,0.21,78.036,4,acoustic
120,5O9R57EozcpLKGQBzadPVy,Meg Birch,Life Sucks Playlist,Only Love Can Hurt Like This,43,194194,False,0.534,0.213,1,-8.64,1,0.0283,0.884,0.0,0.107,0.0998,98.385,4,acoustic
121,6ta5yavnnEfCE4faU0jebM,Catherine Feeny,Hurricane Glass,Mr Blue,54,154600,False,0.456,0.386,10,-10.293,1,0.032,0.835,0.108,0.389,0.612,165.733,4,acoustic
122,7BRCa8MPiyuvr2VU3O9W0F,Joshua Hyslop,Where The Mountain Meets The Valley,Do Not Let Me Go,60,158960,False,0.409,0.234,3,-13.711,1,0.0323,0.338,5e-05,0.0895,0.145,139.832,4,acoustic
123,5ZhaKUsY68U0lgREFWfoxg,Ross Copperman,Holding On And Letting Go - Single,Holding On And Letting Go,49,319000,False,0.502,0.53,2,-9.573,1,0.0266,0.805,0.000738,0.0728,0.102,78.046,4,acoustic
124,4zcMBfbQZvBSHQBGDd6gsN,JJ Heller,You Already Know,You Already Know,57,214360,False,0.496,0.117,0,-12.884,1,0.0301,0.933,0.0,0.126,0.318,78.068,4,acoustic
125,7bhHLZxkRekrNPPkEdDTbn,Ben Woodward,Believer (Remix),Believer (Remix),42,204480,False,0.585,0.724,1,-6.513,0,0.0745,0.315,0.0681,0.0448,0.333,187.484,3,acoustic
126,5rwq6R0Uq0BngM3rdmCeNg,Howie Day,Stop All the World Now (Special Edition),Collide - Acoustic Version,67,277000,False,0.582,0.253,10,-11.43,1,0.0259,0.827,2.95e-05,0.091,0.294,90.186,4,acoustic
127,2lxBZVbkiCXC1soks2RXwV,Ben Rector,Magic,Love Like This,61,214240,False,0.637,0.14,2,-11.472,1,0.0407,0.903,0.0,0.107,0.392,139.78,4,acoustic
128,38YgZVHPWOWsKrsCXz6JyP,Matt Nathanson,Some Mad Hope,Come On Get Higher,71,215173,False,0.672,0.623,9,-5.699,1,0.0297,0.241,0.0,0.0848,0.617,92.018,4,acoustic
129,6XrNrp7UtGgyZcHJ0ckL0w,Rachael Yamagata,Something In the Rain (Music from the Original TV Series),"""Something In the Rain"" (Something In the Rain, Pt. 1) [Music from the Original TV Series]",49,296862,False,0.422,0.272,4,-10.772,0,0.0353,0.496,1.07e-05,0.0704,0.113,143.413,4,acoustic
130,72R0X0h8YaxYNpegeoOl0M,Parachute,The Way It Was,Kiss Me Slowly,61,235813,False,0.47,0.801,9,-6.426,1,0.0352,0.0758,3.53e-05,0.218,0.431,173.92,4,acoustic
131,6R6ux6KaKrhAg2EIB2krdU,Parachute,Wide Awake,Without You,61,228933,False,0.564,0.864,4,-5.121,1,0.0341,0.0761,0.0,0.182,0.534,95.984,4,acoustic
132,2D9w6sabdMCLSheW5aegwO,Jason Mraz,Waiting for My Rocket to Come (Expanded Edition),Absolutely Zero,20,339196,False,0.521,0.495,5,-7.756,1,0.027,0.128,0.0,0.296,0.116,135.061,4,acoustic
133,1Qo3taHLFSQpzLm5Sty7M4,Jason Mraz,Waiting for My Rocket to Come (Expanded Edition),Sleep All Day,22,296843,False,0.616,0.81,2,-6.51,1,0.0668,0.369,0.0,0.107,0.79,97.994,4,acoustic
134,71M4QMn8nrok1KFVXwEEyU,Jason Mraz,Waiting for My Rocket to Come (Expanded Edition),You and I Both,35,218240,False,0.615,0.812,7,-6.573,1,0.0458,0.184,0.0,0.328,0.74,98.954,4,acoustic
135,4lxGVzcUaSF5HW5jtWnShV,Eddie Vedder,Into The Wild (Music For The Motion Picture),Long Nights,60,151773,False,0.478,0.305,5,-13.062,1,0.0306,0.675,0.00139,0.169,0.0974,108.66,4,acoustic
136,2PIlBukQ6limukVR8Ubb5o,Gabrielle Aplin,English Rain,Please Don't Say You Love Me,59,181400,False,0.479,0.541,0,-9.862,1,0.0545,0.737,0.0,0.108,0.321,85.994,4,acoustic
137,5p9XWUdvbUzmPCukOmwoU3,KT Tunstall,Eye To The Telescope,Suddenly I See,73,201706,False,0.587,0.767,0,-5.713,1,0.0449,0.225,0.0,0.112,0.664,100.38,4,acoustic
138,1uSuY2qLCbx1QB7oPUVhFG,Jason Mraz,Waiting for My Rocket to Come (Expanded Edition),Who Needs Shelter,22,192260,False,0.514,0.569,6,-7.866,0,0.03,0.601,2.21e-06,0.218,0.264,142.597,4,acoustic
139,6twvFrIoIINH8UW8EB8OnU,Jason Mraz,Waiting for My Rocket to Come (Expanded Edition),No Stopping Us,19,198855,False,0.646,0.836,1,-6.203,1,0.0327,0.301,3.23e-05,0.29,0.727,105.991,4,acoustic
140,2pelUnMKr07JjJpilj9Yew,Jason Mraz,Waiting for My Rocket to Come (Expanded Edition),I'll Do Anything,24,191889,False,0.57,0.711,9,-4.155,1,0.0703,0.119,0.0,0.352,0.648,163.117,4,acoustic
141,7d0bJhpp0mCYyMXaMgWyMS,JJ Heller,I Dream of You: CALM,Make You Feel My Love,57,171293,False,0.678,0.199,9,-9.785,1,0.0307,0.957,3.23e-06,0.0968,0.262,72.006,4,acoustic
142,73CbJykoV6WapWGfTeRzTl,Jason Mraz,Waiting for My Rocket to Come (Expanded Edition),The Remedy (I Won't Worry),35,256440,False,0.589,0.867,10,-4.523,1,0.0385,0.041,0.0,0.306,0.795,94.52,4,acoustic
143,3ixLIO5BsTmic0Pp27FaPY,Jason Mraz,Waiting for My Rocket to Come (Expanded Edition),Too Much Food,20,221425,False,0.626,0.926,2,-4.441,1,0.0477,0.0265,0.0,0.159,0.548,99.997,4,acoustic
144,5ZetMq21bMQN5oo4TtdOxu,Jason Mraz,Waiting for My Rocket to Come (Expanded Edition),The Boy's Gone,18,255047,False,0.686,0.556,1,-8.5,0,0.0271,0.532,0.0,0.0922,0.36,112.997,4,acoustic
145,73oHkllHIT8fdbzpxiXW40,Jason Mraz,Waiting for My Rocket to Come (Expanded Edition),"On Love, in Sadness",19,208793,False,0.56,0.832,9,-5.595,1,0.0352,0.108,0.0,0.232,0.802,100.957,4,acoustic
146,4MihgVRpD82EZoT61GW63w,Jason Mraz,Waiting for My Rocket to Come (Expanded Edition),Curbside Prophet,23,214552,False,0.619,0.793,5,-5.964,1,0.0661,0.263,0.0,0.0828,0.892,177.991,4,acoustic
147,1BECZPXBXzobsfmlzj0g3I,Jason Mraz,Waiting for My Rocket to Come (Expanded Edition),"Tonight, Not Again - Live",19,264280,False,0.56,0.278,3,-12.501,1,0.0921,0.733,0.0,0.112,0.594,102.187,4,acoustic
148,14vExHBkh1prEAN94wZug8,Jason Mraz,Waiting for My Rocket to Come (Expanded Edition),"Tonight, Not Again",18,289041,False,0.595,0.805,8,-7.926,1,0.0543,0.0167,1.06e-05,0.0691,0.359,102.44,4,acoustic
149,0fzCtVM9D5UEwiLqcY8Ouq,Eddie Vedder,Into The Wild (Music For The Motion Picture),Hard Sun,65,322080,False,0.438,0.827,8,-6.531,1,0.0328,0.0512,0.000402,0.319,0.645,143.377,4,acoustic
150,6IF2P93LkyW4GqDQu1yS7H,Susie Suh;Robot Koch,Here with Me,Here with Me,55,238971,False,0.582,0.375,1,-13.277,0,0.0329,0.702,0.0631,0.136,0.106,129.909,4,acoustic
151,34dnNAUoIPcwnK0RtVMBWZ,Tyler Ward;Lindsey Stirling;Kina Grannis,"Tyler Ward Covers, Vol. 5",The Scientist,47,276575,False,0.453,0.295,7,-12.881,1,0.0291,0.518,0.00011,0.293,0.14,146.022,4,acoustic
152,5aDpULK8MbJmHl42kR5KNI,Howie Day,Stop All The World Now,Collide,56,249120,False,0.636,0.625,11,-7.895,1,0.0277,0.222,5.35e-05,0.119,0.342,93.931,4,acoustic
153,1fI1TMpz7FVkpoYBhmiywp,Eden Elf;Ren Avel,get better,get better,53,111734,False,0.639,0.201,7,-16.613,0,0.0526,0.907,2.26e-05,0.124,0.4,88.107,4,acoustic
154,23Mcmg5O8rBKAOzxvrTjnD,Kitri,Hikare Inochi,Sympathy,49,210760,False,0.69,0.423,2,-9.194,0,0.0294,0.883,0.0123,0.111,0.59,130.121,4,acoustic
155,0gVbkmFqq5fIkXtJJ3UTfM,Boyce Avenue;Rachel Grae,Let It Go,Let It Go,51,255688,False,0.599,0.349,1,-9.269,1,0.0301,0.819,0.0,0.112,0.444,147.913,4,acoustic
156,00DuOxungwHwVUX2m37P0P,Chord Overstreet,What You Need,What You Need,53,181786,False,0.519,0.264,0,-11.171,1,0.0601,0.918,0.000253,0.237,0.192,140.354,4,acoustic
157,2lFlveK1y13WWp3vnQtrr3,Five For Fighting,The Battle for Everything,100 Years,66,244600,False,0.643,0.569,7,-7.459,1,0.0276,0.544,2.17e-05,0.178,0.275,120.507,4,acoustic
158,2WD93lsfJonaKtrQtpLB2R,Andrew Belle,Nightshade,You're the Sea,56,174546,False,0.573,0.624,1,-9.076,0,0.0324,0.471,0.117,0.114,0.529,161.025,4,acoustic
159,7njTGO45SkaBTNu35t2Yq0,Rachael Yamagata,"One Spring Night (Original Television Soundtrack), Pt. 1",No Direction,47,234330,False,0.654,0.821,7,-5.472,1,0.0264,0.00666,0.00299,0.228,0.613,111.958,4,acoustic
160,6ivkBaxvclVhwZDE2uwldj,Cary Brothers,Under Control,Belong,51,255600,False,0.426,0.399,0,-8.447,1,0.034,0.761,0.00112,0.118,0.217,115.979,4,acoustic
161,6Cvti10W0AzmzG9D1tpuKp,The Mayries,As It Was,As It Was,55,176542,False,0.505,0.21,11,-11.349,1,0.0295,0.907,0.0,0.11,0.323,80.721,4,acoustic
162,03yc0G2OoH1Eeyu7Piy8fK,Jason Mraz,I'm Yours,I'm Yours,60,243494,False,0.693,0.43,11,-9.395,1,0.0442,0.565,0.0,0.0928,0.731,151.001,4,acoustic
163,5RO0MNa5hBKIM4OcjygadU,Joseph Sullinger,Chi Mai,Chi Mai,40,188695,False,0.739,0.287,6,-14.007,0,0.059,0.969,0.961,0.111,0.557,80.64,4,acoustic
164,78TKtlSLWK8pZAKKW3MyQL,A Great Big World;Christina Aguilera,Say Something,Say Something,58,229400,False,0.453,0.146,2,-8.976,1,0.0343,0.867,3.49e-06,0.0945,0.0915,137.905,3,acoustic
165,1esE8j1nVyzEQ5rVhYXoJT,Parachute,Parachute,Had It All,55,216853,False,0.606,0.54,7,-6.271,0,0.0339,0.182,0.000144,0.144,0.249,79.952,4,acoustic
166,68Yc9ylRZZPtsuVgtrxcDj,Zack Tabudlo;Yonnyboii,Take Me Back,Take Me Back ft. Yonnyboii,50,149000,False,0.595,0.646,0,-5.495,1,0.0327,0.11,0.0,0.258,0.563,120.049,4,acoustic
167,3tjjCCdXSdaVEo4q4y071G,Tobey Rosen,Whole Again (Acoustic Version),Whole Again - Acoustic Version,52,157231,False,0.736,0.145,11,-9.215,1,0.0336,0.855,0.0,0.108,0.235,129.832,4,acoustic
168,3tob5ofeuvFKKSbOTldenC,The Mayries,Overpass Graffiti,Overpass Graffiti,54,226603,False,0.479,0.126,1,-13.974,1,0.0303,0.966,0.0,0.113,0.279,96.327,4,acoustic
169,4E6cwWJWZw2zWf7VFbH7wf,Sara Bareilles,Little Voice,Love Song,73,258826,False,0.583,0.786,2,-3.142,0,0.0301,0.0208,0.0,0.188,0.573,123.055,4,acoustic
170,3uAdZpIbMTtVXitHVibLMV,Andrew Foy;Renee Foy,Let Her Go,Let Her Go,38,194013,False,0.549,0.291,2,-13.457,1,0.0388,0.858,0.000846,0.129,0.376,75.153,4,acoustic
171,2LC523tbEPFpc1pnikbt5b,Aqualung,Still Life,Brighter Than Sunshine,53,242439,False,0.418,0.489,6,-8.373,0,0.0323,0.287,0.0288,0.42,0.398,72.891,4,acoustic
172,3ISLwA96mtx13Wx7K1PPPk,Tyler Ward;Karis;Ray Lorraine,Love Story,Love Story,55,232500,False,0.498,0.12,0,-17.721,1,0.0487,0.851,0.0,0.171,0.338,121.187,4,acoustic
173,7Ca2CkwSqHyr3eCh8IRdjz,Agustín Amigó;Nylonwings,Mujer con Abanico,Mujer con Abanico,41,156787,False,0.769,0.135,5,-12.049,0,0.061,0.986,0.905,0.106,0.471,103.939,4,acoustic
174,6ql0ffq6Jvyh9OKqrJCMaP,Amy Stroup,In the Shadows,In the Shadows,46,263823,False,0.434,0.469,0,-7.849,0,0.0265,0.52,0.000328,0.108,0.0568,136.282,4,acoustic
175,1EyvonxK8OGHRV4WDRdArc,Boyce Avenue;Connie Talbot,Can You Feel the Love Tonight,Can You Feel the Love Tonight,63,250916,False,0.452,0.198,10,-9.374,1,0.0335,0.931,2.24e-06,0.1,0.217,119.499,4,acoustic
176,0EKBV6GybPtALXUgWqWrym,Brandi Carlile,The Story,The Story,66,238493,False,0.544,0.5,11,-8.253,1,0.026,0.0325,3.78e-06,0.109,0.177,93.621,4,acoustic
177,41A82PidFKhGX5hm1WoaDs,JJ Heller,Better,Better,54,215906,False,0.662,0.187,2,-9.003,1,0.0268,0.969,0.000273,0.0922,0.233,104.988,4,acoustic
178,5oV8bZaShr2d01FFMHBUPq,Kina Grannis,Iris,Iris,62,181136,False,0.497,0.13,6,-15.571,1,0.0436,0.841,0.0,0.111,0.179,130.769,3,acoustic
179,5nMRpGfqQ0tb1TMbqBVK2J,The Mayries,#Acoustic,Rockabye - Acoustic Version,57,157466,False,0.528,0.291,10,-9.696,1,0.0401,0.914,0.0,0.121,0.355,76.805,4,acoustic
180,04qDUASuSfVp6fktfsxVej,Caleb Santos;Viva Music Publishing Inc.,I Need You More Today,I Need You More Today,68,233728,False,0.461,0.522,11,-7.513,1,0.043,0.36,0.0,0.123,0.446,157.768,4,acoustic
181,3g61xRaqII8q1wlQDzv550,Boyce Avenue,"Cover Sessions, Vol. 4",Beautiful Soul,62,216612,False,0.483,0.506,9,-6.058,1,0.0347,0.394,0.0,0.0946,0.705,87.337,4,acoustic
182,3dglCYsVMjPbDlU2CC9Vq7,Jason Mraz,Know.,Let's See What The Night Can Do,53,245186,False,0.392,0.423,7,-7.813,1,0.0348,0.27,0.0,0.117,0.288,113.537,4,acoustic
183,2f4jlGvGi3ZDGogXys5FUp,Rachael Yamagata,Something In the Rain (Music from the Original TV Series),"La La La (Something In the Rain, Pt. 2) [Music from the Original TV Series]",44,219613,False,0.42,0.2,7,-18.827,1,0.0492,0.929,0.49,0.0758,0.164,87.248,4,acoustic
184,3NCg46FWgnANZc9HQHQOQR,Parachute,The Way It Was,Forever And Always,57,248960,False,0.657,0.716,2,-5.675,1,0.0301,0.014,0.0,0.0483,0.435,93.924,4,acoustic
185,0muntSMuAZzcwYBBMZj6sf,Priscilla Ahn,When Marnie Was There Song Album - Just Know That I Love You.,Fine On The Outside,52,252466,False,0.495,0.185,9,-13.824,1,0.0288,0.692,0.00403,0.109,0.196,101.89,4,acoustic
186,4bXoVtbp6fN8FaSQvGQB41,Chord Overstreet,Tree House Tapes,Tortured Soul,53,246613,False,0.55,0.499,4,-9.502,1,0.0338,0.472,2.26e-06,0.0798,0.144,86.966,1,acoustic
187,3FRARAKLpHw3er9ZaTwaHO,JJ Heller,I Believe in You,I Believe in You,53,198786,False,0.534,0.359,0,-9.311,1,0.0296,0.449,1.2e-05,0.331,0.267,131.804,4,acoustic
188,2Dzhwe90lhHXVU6lk7Nx0H,Jon Bryant,Cult Classic,At Home,55,226640,False,0.378,0.52,11,-10.965,1,0.0382,0.777,0.0888,0.0979,0.357,73.744,4,acoustic
189,12niARgkwxGsklcEwh6GlG,Donovan Woods,"Hard Settle, Ain't Troubled","Portland, Maine",66,203869,False,0.606,0.349,4,-13.967,1,0.0319,0.764,0.306,0.112,0.156,80.071,4,acoustic
190,0v0pc1lIt5p6EBX7pnfOGF,Ross Copperman,Holding On and Letting Go LP,Holding On and Letting Go,49,317441,False,0.486,0.555,2,-9.466,1,0.0271,0.818,0.00269,0.109,0.0992,77.987,4,acoustic
191,5wQci5VCUjdbKnRD61XYwu,Joshua Hyslop,In Deepest Blue (Bonus Track Version),The Flood,60,261640,False,0.577,0.446,6,-11.343,1,0.0313,0.554,0.0782,0.116,0.262,81.005,4,acoustic
192,0HQnJee8ShSDu2AYwibxst,Angelina Cruz,Hanggang Kailan (Umuwi Ka Na Baby),Hanggang Kailan (Umuwi Ka Na Baby),38,211933,False,0.59,0.407,4,-9.079,1,0.0361,0.861,9.95e-06,0.094,0.276,145.852,4,acoustic
193,4VoJCUgNmnqG2qF0peDBkw,Stephen Speaks,No More Doubt,Out of My League,67,218800,False,0.538,0.315,0,-10.057,1,0.0291,0.96,0.00596,0.0979,0.4,91.921,3,acoustic
194,7xLhousIHDxoGgeJNhO4Ye,A Great Big World,Is There Anybody Out There? - Track by Track Commentary,Say Something,57,233266,False,0.447,0.158,2,-7.571,1,0.036,0.872,1.58e-06,0.0816,0.142,140.942,3,acoustic
195,1bhpBRCLsVg3p7BWARbaDS,Eddie Vedder,Into The Wild (Music For The Motion Picture),Rise,60,156453,False,0.401,0.58,7,-6.86,1,0.0541,0.906,0.217,0.134,0.526,173.277,3,acoustic
196,6NSlOEEtWlqvEFrjQsry77,The Weepies;Deb Talan;Steve Tannen,Say I Am You,World Spins Madly On,64,165133,False,0.502,0.311,1,-13.421,1,0.0285,0.617,4.32e-05,0.129,0.4,107.612,4,acoustic
197,1HqVCK9h4LiJ61aRrrKTAt,Freddie King,Thanksgiving Party,Stumble,0,216626,False,0.678,0.612,4,-9.764,1,0.0339,0.1,0.316,0.164,0.857,118.381,4,acoustic
198,0wP19iM8ULJyV0r0LFDsDv,Taj Mahal,Supa Chill,Paradise,0,251426,False,0.65,0.406,7,-13.492,1,0.0761,0.568,0.0,0.484,0.862,79.642,4,acoustic
199,27Fq4XyOkogdGLcfsVdjFb,Keb' Mo';Gerald Albright,Un tecito y a mimir,"Moonlight, Mistletoe & You",0,209293,False,0.649,0.399,6,-7.894,1,0.0256,0.184,0.000108,0.113,0.342,97.498,3,acoustic
200,45jGOHwYKgsRYbAJ8DR61d,Motohiro Hata,青の光景,ひまわりの約束,61,308146,False,0.523,0.445,10,-6.359,1,0.0329,0.188,0.0,0.18,0.336,78.957,4,acoustic